Wavenumber,Sample_01,Sample_02
4000.0,0.01201727920960324,0.011769452669089676
3996.0,0.012032201894829378,0.011725161145827195
3992.0,0.011998783582204232,0.011721963316657567
3988.0,0.011908264360642004,0.011611880408645785
3984.0,0.012009870262469458,0.011815295788889131
3980.0,0.011978121197754004,0.011773894713354948
3976.0,0.01192017456045421,0.011691810635934387
3972.0,0.011967317633604879,0.011738186823163544
3968.0,0.011947749607463625,0.011704991101391117
3964.0,0.011935506624832776,0.011654692858178798
3960.0,0.01191351987749789,0.011722735162679758
3956.0,0.01193075293328124,0.011649821110938648
3952.0,0.011857932851205472,0.011640419249241547
3948.0,0.011877968082847261,0.01160878397087403
3944.0,0.011853385392390694,0.01166268943442624
3940.0,0.01189883119952062,0.011626551208525241
3936.0,0.01186229227821359,0.01165036448508095
3932.0,0.01183712037232829,0.01158434906068548
3928.0,0.011804104576882158,0.011612677392355594
3924.0,0.011821816931178933,0.01155336931017419
3920.0,0.01182657994853209,0.011631722631334556
3916.0,0.011803908743623921,0.011590736865460145
3912.0,0.011873927882077934,0.011589568747937632
3908.0,0.011851116462678871,0.011585289837623823
3904.0,0.011656797431607259,0.01150597056943678
3900.0,0.011689499954985569,0.011587430654745478
3896.0,0.011766826827496009,0.01164288926437391
3892.0,0.011746090479421186,0.011449933874838227
3888.0,0.011769536470862587,0.01143720666121018
3884.0,0.011761394491612863,0.011440276256467282
3880.0,0.011848114159974783,0.011549450722450486
3876.0,0.01167833476433453,0.011505692869293465
3872.0,0.011706788885446132,0.011545072875123396
3868.0,0.011819560802596855,0.011519195321393168
3864.0,0.011741530211538507,0.011485539751112609
3860.0,0.011734140822939826,0.011481169808497112
3856.0,0.01166709968141566,0.011450455975113875
3852.0,0.011602228340222693,0.01149436246735074
3848.0,0.011684857187828477,0.011386468473515954
3844.0,0.011673806259946707,0.0114138955031356
3840.0,0.011598879310868114,0.011439188917963672
3836.0,0.011617996691602453,0.011509185907120117
3832.0,0.011640486704902687,0.011372983905325247
3828.0,0.011588801925020008,0.011349365693092738
3824.0,0.011623096378150868,0.011367285319087407
3820.0,0.011624774151373819,0.011436063610057246
3816.0,0.011613789188396431,0.011368019403668193
3812.0,0.011578724923257698,0.011438176067011793
3808.0,0.011625776292478919,0.011270540635231533
3804.0,0.011632716372406425,0.011412821021293486
3800.0,0.011596289328809796,0.011400385287306315
3796.0,0.011531444044187607,0.011269975159955906
3792.0,0.011601066564808565,0.011340873365933705
3788.0,0.01153156009784465,0.01138628733855237
3784.0,0.011592758030917687,0.011322219952118696
3780.0,0.011487398283481318,0.011360152972346275
3776.0,0.011578918421890193,0.011421275506164938
3772.0,0.011524419049498283,0.011308610390514092
3768.0,0.011455231691294452,0.011273296637397802
3764.0,0.011494240828881864,0.011241184478439626
3760.0,0.011504927336174864,0.011304581007868785
3756.0,0.0115081679620378,0.011254801323860099
3752.0,0.011437744914763234,0.011248179916050373
3748.0,0.011423831347670395,0.011244353011107329
3744.0,0.011481544658777364,0.011274627606121584
3740.0,0.011440613136485756,0.011181354624374905
3736.0,0.011468130836199865,0.011150734619967557
3732.0,0.011486756223110364,0.01109811080718927
3728.0,0.011358785323132238,0.011272333742590292
3724.0,0.011446408294830193,0.011208704779203387
3720.0,0.011487405188027992,0.011273155353514298
3716.0,0.011403800201173384,0.011189855197618549
3712.0,0.011370659271066334,0.01114586822746369
3708.0,0.01144135540152132,0.011199564810899076
3704.0,0.011408978499007426,0.01116455062908622
3700.0,0.011433683042874494,0.011098401778450222
3696.0,0.011364230573079712,0.01110960820233809
3692.0,0.011300022667255983,0.011234970275197481
3688.0,0.011361255018185757,0.01115713797505907
3684.0,0.011337125877377067,0.011153048266078585
3680.0,0.011390864957872796,0.011111229205518956
3676.0,0.01135448164408003,0.011083418023439644
3672.0,0.011255978528092191,0.011155353360698214
3668.0,0.011270503576940719,0.011098425173693275
3664.0,0.011367211677207223,0.011058606375282908
3660.0,0.01134979072390623,0.011082779997607154
3656.0,0.011276590305653823,0.011037150123634144
3652.0,0.011301369788328802,0.011084896075523577
3648.0,0.01131654041339349,0.011124837882494038
3644.0,0.011310541213439383,0.011019574318406918
3640.0,0.011323812120856752,0.011125827211088554
3636.0,0.011285723060358601,0.0110140598059845
3632.0,0.011261075883635598,0.011048171562708538
3628.0,0.011245813172688763,0.010991761138144382
3624.0,0.01130450074519823,0.01101556757475042
3620.0,0.011132148674730722,0.011022167781339662
3616.0,0.011230756159817537,0.01099120090024199
3612.0,0.011232356223378762,0.010970947699037342
3608.0,0.011152475817057882,0.01096537409026618
3604.0,0.011233440747846882,0.010951406068383636
3600.0,0.011177312574244428,0.010907175092723044
3596.0,0.011246095178450067,0.010965764999307721
3592.0,0.011189809404891234,0.010992225139391599
3588.0,0.01122268249899667,0.01101086043647269
3584.0,0.011243322603335725,0.010991087951042925
3580.0,0.011194702247598658,0.011074911479210846
3576.0,0.011124964817142292,0.010961309938581057
3572.0,0.011086249810464162,0.010915909732511804
3568.0,0.011242869579228735,0.011025678097736661
3564.0,0.011142890160553393,0.01087312477012881
3560.0,0.011107300687595714,0.010967318236753992
3556.0,0.011142235724819757,0.010864565174522146
3552.0,0.011118766013269167,0.010923475431077509
3548.0,0.011164277180156246,0.010800816827994806
3544.0,0.011116719745505665,0.010937686555038665
3540.0,0.01110908387258161,0.010878316084769097
3536.0,0.011066060258148063,0.010831369385729506
3532.0,0.01111868030097993,0.010957218810059814
3528.0,0.011036941021301207,0.01090512940445888
3524.0,0.011115381110230037,0.010862735297265972
3520.0,0.011151755625720829,0.010816775405630388
3516.0,0.010992816404466378,0.010845501562735822
3512.0,0.010939251061235725,0.010833114834199466
3508.0,0.011086938155319305,0.010871211157887412
3504.0,0.011177040702530531,0.010868556654579236
3500.0,0.010993171087405959,0.010788965164264424
3496.0,0.01097427401221063,0.010788604096109862
3492.0,0.011059868702069446,0.010783208583883885
3488.0,0.010982015653805856,0.0107361048363297
3484.0,0.010992402003281835,0.010767770467784538
3480.0,0.010993969064689108,0.01078652703600251
3476.0,0.011031666876903448,0.010819513034367362
3472.0,0.010978513729304896,0.010844822244895401
3468.0,0.011006405380306694,0.010732243719658667
3464.0,0.010977437369388549,0.010794087578280627
3460.0,0.010937803773755648,0.010738213741074186
3456.0,0.010957839928865728,0.0108581140057336
3452.0,0.010920125917163032,0.010745856805181715
3448.0,0.010961807201950814,0.010767358172124611
3444.0,0.010899144755160782,0.010689423197551392
3440.0,0.01089457121459916,0.010689697141187672
3436.0,0.011015963359749388,0.010734337728647975
3432.0,0.010934377108935824,0.010699092871027261
3428.0,0.010928284262721601,0.010730024206343827
3424.0,0.010950521536366152,0.010628354615098578
3420.0,0.010897889878665782,0.010733654322724807
3416.0,0.010901517035737487,0.01064971091014018
3412.0,0.010928235828197677,0.010774959993420775
3408.0,0.010915157788854846,0.010668592894704374
3404.0,0.010837155351731869,0.010732081036161217
3400.0,0.010930895732075495,0.010601694864054021
3396.0,0.010853841204981082,0.010687143005328368
3392.0,0.01082472008728161,0.010615572071561642
3388.0,0.010826688986477258,0.01062993403174337
3384.0,0.010846402792423503,0.010649841277558006
3380.0,0.010941542110826465,0.010627119807786673
3376.0,0.010795678287730901,0.010650578762574726
3372.0,0.010856769171711208,0.010669172840983112
3368.0,0.010736218273185391,0.010658886408222615
3364.0,0.01083741075051327,0.010616365241082445
3360.0,0.010876884364465555,0.010547096397220701
3356.0,0.010814529204166787,0.010569602817539022
3352.0,0.010789392579145064,0.010594655308408557
3348.0,0.010826977935946985,0.010493003036459076
3344.0,0.01084499884842593,0.010631395465112069
3340.0,0.010837812820762748,0.010576555433751189
3336.0,0.010897945386807134,0.010570769295298087
3332.0,0.010804528464111266,0.010625607499216417
3328.0,0.010759258529673379,0.010606496979280275
3324.0,0.01077745382353866,0.01057912777569336
3320.0,0.010775071042609698,0.010513055371131202
3316.0,0.010779150502094884,0.010573760439076879
3312.0,0.010767309849026652,0.010570743891822196
3308.0,0.010772693011711902,0.010504476153783388
3304.0,0.010675727964512646,0.010596250650452303
3300.0,0.01079612686832786,0.010564946871225672
3296.0,0.010721390074593906,0.010436643278953347
3292.0,0.01068706542032275,0.010536906360525714
3288.0,0.010773330564580475,0.010463379246767759
3284.0,0.010803161556035858,0.010579365107966065
3280.0,0.010757941430040456,0.010558975619991303
3276.0,0.010737495877977503,0.010459669616536355
3272.0,0.010679139226266324,0.010466991601721844
3268.0,0.010865817431410867,0.010512886947466988
3264.0,0.010762930128275828,0.010492598312389974
3260.0,0.010658833506472917,0.010577742429198927
3256.0,0.010673914701849526,0.010535687356567241
3252.0,0.01071457645998585,0.010481901585242526
3248.0,0.010630070447637103,0.010522520660835984
3244.0,0.010714083551388297,0.010389925025091345
3240.0,0.01068082677004158,0.010505197975241515
3236.0,0.01076352411456628,0.010531486725809553
3232.0,0.010749069963306731,0.010477995359969017
3228.0,0.010564491354356158,0.01045054380413796
3224.0,0.010701597084811672,0.010513813389068778
3220.0,0.01061847984881514,0.010583296895696271
3216.0,0.010755084135728519,0.010495853637760106
3212.0,0.010708687857246577,0.01043024302935612
3208.0,0.01072883878191716,0.010559680378517627
3204.0,0.010649778820073594,0.010395046981364064
3200.0,0.010796579329763875,0.010516214904273407
3196.0,0.010808816639439407,0.01046455897920222
3192.0,0.010657788635210285,0.01054333656514922
3188.0,0.01073346830645294,0.010458057280961282
3184.0,0.01068557634474863,0.010571049027137413
3180.0,0.010723118066562863,0.010524824286658805
3176.0,0.010666738735061257,0.010429078140770045
3172.0,0.010829798540090018,0.01042302178766353
3168.0,0.010695127231105305,0.010512909706893002
3164.0,0.010736678550341737,0.01060116366769031
3160.0,0.010785231925109494,0.010551306124745058
3156.0,0.010737259620575541,0.010557600936531611
3152.0,0.010767982342702601,0.010552553813222048
3148.0,0.010762931397597767,0.010612186130617133
3144.0,0.010796484482964013,0.010605960710126457
3140.0,0.010757575533483641,0.010613797905615997
3136.0,0.010808070255054198,0.010564134118589731
3132.0,0.010834433019088513,0.010687274777435493
3128.0,0.010843857674692498,0.01071148711602132
3124.0,0.010880118296657214,0.010594670446923025
3120.0,0.010880354952230034,0.010792184618576162
3116.0,0.010951393771058334,0.010731583866111312
3112.0,0.010917301148655708,0.010690391426227026
3108.0,0.010947365647004716,0.010639896368975943
3104.0,0.01094270740729959,0.010789269865518907
3100.0,0.010972378675548832,0.010806605897873467
3096.0,0.010959242264422294,0.010772235974667508
3092.0,0.011073164464234236,0.01073675305047731
3088.0,0.011015840915122126,0.010907731317578866
3084.0,0.011062382349477403,0.010848265718344399
3080.0,0.011145291858675285,0.010881195779791247
3076.0,0.0111760339533793,0.011075069433105909
3072.0,0.011165367152333117,0.011068064041933192
3068.0,0.011114735450388236,0.011039071602669077
3064.0,0.011267870293315798,0.010999136685178707
3060.0,0.011291745963835522,0.011085665498772022
3056.0,0.011240801828487397,0.010971118982611373
3052.0,0.0113832681209105,0.011123183611514237
3048.0,0.011343649736974257,0.011113139718366895
3044.0,0.011356908686359194,0.011120673473140288
3040.0,0.01145301332439997,0.011140122029862828
3036.0,0.011474737690567572,0.011280245067788538
3032.0,0.011529578818761075,0.011293523685002957
3028.0,0.011475220896118174,0.011332384316253713
3024.0,0.011682373284385338,0.011402045345763112
3020.0,0.011597990117093143,0.011353256398430654
3016.0,0.011587520855203388,0.011369434521492198
3012.0,0.011731754929492865,0.011377978294417303
3008.0,0.011719215884347694,0.011485457140339361
3004.0,0.011789080261425644,0.011575388400821882
3000.0,0.011791377862579241,0.011564719942164481
2996.0,0.011840432043777707,0.011638607090083257
2992.0,0.011890207251272893,0.011581307551224001
2988.0,0.011874422451575935,0.011650063927265992
2984.0,0.01197876334022733,0.011667632999156598
2980.0,0.011953535356435195,0.011675070863649604
2976.0,0.01196478128100549,0.01186107400231278
2972.0,0.012042283401938362,0.011840270183843682
2968.0,0.012089681967272324,0.01178799127766696
2964.0,0.012083709152125395,0.011814958996412713
2960.0,0.012078411025691755,0.01187624643205456
2956.0,0.012177449397809171,0.011831428221965435
2952.0,0.012081827924382022,0.01194823883500262
2948.0,0.012140062325477667,0.011883061482875691
2944.0,0.012213639839956466,0.011948908772777656
2940.0,0.012161890659256302,0.011934103625381725
2936.0,0.012247774923792238,0.011977455291881442
2932.0,0.012258150635233993,0.011949118056283969
2928.0,0.012318377532842963,0.011949330631180735
2924.0,0.012238223261121613,0.011989976479251688
2920.0,0.012261118907305751,0.012012565455934576
2916.0,0.012315414406199274,0.012038035744039808
2912.0,0.012180075173936803,0.012060343467985193
2908.0,0.012459984827339165,0.012135227863637885
2904.0,0.012269892463419765,0.012099341091472092
2900.0,0.012265977383166192,0.012043774793002098
2896.0,0.012340967795241124,0.012088249108038867
2892.0,0.012289163959827824,0.012010887577634573
2888.0,0.012193241181771172,0.012108992929783072
2884.0,0.012302447369981201,0.012053152829079084
2880.0,0.012300615223953225,0.01194489743887462
2876.0,0.012219983983556998,0.012035400947459864
2872.0,0.012210965463757056,0.012021349189669114
2868.0,0.012229884379022577,0.011827193681693793
2864.0,0.012138713975861836,0.011903065180877852
2860.0,0.012182727254912767,0.01189390054418745
2856.0,0.012145579238235971,0.011796476413869461
2852.0,0.012074895938527687,0.01181311084331452
2848.0,0.012010362727087692,0.011790950554953076
2844.0,0.012038389704498892,0.011834031386384494
2840.0,0.011974062198429022,0.011792499804001714
2836.0,0.012034616346539719,0.011876163609981527
2832.0,0.011957103307575236,0.01169118808819803
2828.0,0.011953091562530787,0.011733369139366793
2824.0,0.011883638710289877,0.01164331178502123
2820.0,0.01185190381230515,0.011615529870270418
2816.0,0.01176049122938765,0.011505666860879876
2812.0,0.01179305870167159,0.011428918214838999
2808.0,0.011808141177122299,0.011446170726847948
2804.0,0.0116620087580999,0.011482051701743929
2800.0,0.01160588005155195,0.011481948682980176
2796.0,0.011585192415607728,0.011391422118246165
2792.0,0.01152622541000603,0.011344197681194523
2788.0,0.011472158608218251,0.011235149578989191
2784.0,0.011470919675666122,0.011311444485864157
2780.0,0.011406169763760417,0.011259491643624506
2776.0,0.011449384470609529,0.011123350350740592
2772.0,0.011334283813280915,0.011105269723050802
2768.0,0.01130749506944494,0.011015670884978863
2764.0,0.011296200577142458,0.011096987838336812
2760.0,0.011191213687584555,0.011002444159057077
2756.0,0.011236166030282414,0.01093628938575439
2752.0,0.011091267547234121,0.010920789212724068
2748.0,0.011041619582293752,0.010882426362558725
2744.0,0.011023477908688843,0.010800380599268586
2740.0,0.010996488711416019,0.01072010183010694
2736.0,0.010893321928822608,0.010679932813615265
2732.0,0.010923573631335864,0.010619903477475885
2728.0,0.010804714609744118,0.010693389811505609
2724.0,0.010921314674245149,0.010745600691065216
2720.0,0.01081216866739323,0.010514940679782514
2716.0,0.010749552591793995,0.010572931841409462
2712.0,0.010702611638485637,0.010553617170642123
2708.0,0.010696151842628078,0.010451834615148642
2704.0,0.010672547498442993,0.010480248732530595
2700.0,0.010600799856928345,0.010385118052158816
2696.0,0.010577364126815647,0.010470906909826059
2692.0,0.010585333203726927,0.010353085662084826
2688.0,0.010541002004468796,0.010360728387195971
2684.0,0.010587360522486948,0.010363803949206699
2680.0,0.0105716566683299,0.010282976918165656
2676.0,0.010490924365265358,0.010190759297841604
2672.0,0.010490149879411359,0.010230577719845686
2668.0,0.010377030592321881,0.010273063974165395
2664.0,0.010453939309738045,0.010209400422916412
2660.0,0.01039975867694818,0.010204751552613564
2656.0,0.010405662541441641,0.01011978045278597
2652.0,0.010442489221190157,0.010162383131859042
2648.0,0.010230349520816442,0.010173912909956928
2644.0,0.01034021592764655,0.010122447549344533
2640.0,0.010255819109346191,0.010199960290770497
2636.0,0.01032479627936554,0.010078893036986383
2632.0,0.010214710658244806,0.010022701291697038
2628.0,0.010241547829220663,0.00998010848930214
2624.0,0.010263120234773465,0.010105524170605373
2620.0,0.010271021415443718,0.010032588115009684
2616.0,0.010232116973104102,0.01007439081225765
2612.0,0.010177408225632458,0.010035592223068816
2608.0,0.010178659218431134,0.010083463327259356
2604.0,0.010240433177372749,0.010055589240292128
2600.0,0.010186364318561254,0.009964028785250252
2596.0,0.010093412237906272,0.009987745143639069
2592.0,0.010211255965708951,0.010019959973323209
2588.0,0.010181835728516601,0.009895999081237544
2584.0,0.010197100173522518,0.010022905607087762
2580.0,0.010129435430719402,0.010003941135073082
2576.0,0.010180919781431636,0.009985868009565671
2572.0,0.010080088799980898,0.009920432597015513
2568.0,0.010155635060174766,0.009939699420226008
2564.0,0.010096950828328325,0.009863178484888421
2560.0,0.01014984361208557,0.009916701214994543
2556.0,0.010161366335624023,0.009879493471135169
2552.0,0.010069526015154994,0.009908527210567432
2548.0,0.010099270961853923,0.009875064473972234
2544.0,0.010099535687009003,0.00990982637216844
2540.0,0.010153059258659876,0.009950671106229237
2536.0,0.010125309299342106,0.009822505607682412
2532.0,0.010025225804603619,0.009930735431944254
2528.0,0.010105667691607386,0.009781540904524643
2524.0,0.010116815829544306,0.009769918474167485
2520.0,0.01018269019390508,0.009869001467306616
2516.0,0.009989634097125142,0.009872456190005551
2512.0,0.010044008107651088,0.009891549250877126
2508.0,0.010134861050351938,0.009784459377620248
2504.0,0.00999792907866518,0.009861372009586346
2500.0,0.010003314366638264,0.009868347882779193
2496.0,0.010086852972374145,0.009922539134511585
2492.0,0.010109729962625845,0.009852441359714938
2488.0,0.010023278449887246,0.009882027812186977
2484.0,0.010081707645856568,0.0098047359839807
2480.0,0.010058617807436259,0.009842336911395461
2476.0,0.010126850728566091,0.009827618245270927
2472.0,0.010049050026255836,0.009883308648209526
2468.0,0.010096915789426189,0.009797014391484069
2464.0,0.010000585554231351,0.009803110495396623
2460.0,0.010034892172578283,0.009872052801177705
2456.0,0.0100377486307729,0.009931204009499586
2452.0,0.010098036792463997,0.009859394933714417
2448.0,0.010068606409414019,0.009854011256960657
2444.0,0.010000626565557034,0.009820142817999882
2440.0,0.01007094270338069,0.009890528690337526
2436.0,0.010074045352349936,0.009861799360590824
2432.0,0.01002863831608506,0.009920195826125076
2428.0,0.010020079792197099,0.00984883922530696
2424.0,0.010022048871323096,0.009783670407033455
2420.0,0.009945797848166238,0.009801439444055229
2416.0,0.010038824000170957,0.009779428885115153
2412.0,0.010039984846315119,0.009765149786211161
2408.0,0.009983877238238998,0.009889796462464993
2404.0,0.010063201314022005,0.009865924266902599
2400.0,0.009956382724586633,0.009762598231159802
2396.0,0.00999641843589773,0.009912594929572548
2392.0,0.009999251351935023,0.009834780095585213
2388.0,0.010121415611425589,0.0097737547179996
2384.0,0.00994113274909665,0.009839981210286336
2380.0,0.010048298809454771,0.009816304237992823
2376.0,0.01006637186690404,0.009780247651256272
2372.0,0.010037273049604604,0.009720872321353428
2368.0,0.010076620544329255,0.009819015539390581
2364.0,0.009966558631541386,0.009830961397974822
2360.0,0.009901869669614979,0.009686611078709339
2356.0,0.010053432047407329,0.009842534696357803
2352.0,0.009954529550596612,0.009844916205417244
2348.0,0.009997251832520057,0.009789810609450368
2344.0,0.009953901287560662,0.009818192868428834
2340.0,0.010064753187217801,0.009797860464368471
2336.0,0.010054706729261785,0.009769365104872883
2332.0,0.00997477966014561,0.009792564437351683
2328.0,0.010055311464296396,0.009877514326358331
2324.0,0.010015575079999289,0.009736790138321103
2320.0,0.01000193636069284,0.009820587300214411
2316.0,0.010011191394531408,0.009817360037981417
2312.0,0.009997617969019977,0.009772218813069887
2308.0,0.010037960642027763,0.009785049210979889
2304.0,0.010022202721882761,0.009736530966301208
2300.0,0.009988706935490825,0.009763458577479995
2296.0,0.0100560079817632,0.00980632888208233
2292.0,0.009974656239292534,0.009821461214799179
2288.0,0.010019131427178887,0.00975977021000817
2284.0,0.01002546711690926,0.00995708928380854
2280.0,0.010077894164791544,0.009775357508075696
2276.0,0.009978296051555872,0.009809863257533285
2272.0,0.010090356380969043,0.009791609209423622
2268.0,0.010011664464611334,0.009782810103457074
2264.0,0.009992831139407823,0.009867532831390037
2260.0,0.009968599916347586,0.009778238513778644
2256.0,0.01003125158758345,0.009868617619041384
2252.0,0.010004116829167731,0.009858727479728963
2248.0,0.009946242536249997,0.009749111281425379
2244.0,0.009944801351109957,0.009852946470423174
2240.0,0.009973212233846661,0.009768449526091856
2236.0,0.009967000149031556,0.009937607376533734
2232.0,0.010055147591704708,0.009781328304311589
2228.0,0.01006926117546642,0.009753428263646368
2224.0,0.010043783793778413,0.009704794882802242
2220.0,0.010018140570989228,0.009735589925862587
2216.0,0.009978746290462711,0.009771122591232065
2212.0,0.010002813195034075,0.009750185863647952
2208.0,0.010044274976678327,0.009738604489041645
2204.0,0.010106558587357482,0.009765242789652944
2200.0,0.01004564504192181,0.009789672692833632
2196.0,0.009985989336518453,0.009872477113590643
2192.0,0.010001940815186234,0.009714874025729302
2188.0,0.00997596168917135,0.009772505105619908
2184.0,0.009961038133077103,0.009752460220377061
2180.0,0.009991034843929308,0.009724484615442043
2176.0,0.010010136315090465,0.009737041636044585
2172.0,0.010092279050323762,0.009755187549562694
2168.0,0.010003233738896507,0.009836471644903614
2164.0,0.010068667917313595,0.00979108898451319
2160.0,0.01008936211942826,0.009774068656439261
2156.0,0.01000513546423408,0.009831735754039126
2152.0,0.01008181217391265,0.009815432259571124
2148.0,0.010037415911965858,0.00979046931669369
2144.0,0.0099810590425346,0.009821111383299984
2140.0,0.010015481227364202,0.009760760232332301
2136.0,0.010003672289119614,0.009833846897350475
2132.0,0.009991237372041223,0.00982614348448033
2128.0,0.009993260940409879,0.009782520788262644
2124.0,0.010010775898933589,0.009742520316709573
2120.0,0.010025659675646378,0.009879874824261947
2116.0,0.009960111462874632,0.009808978496170883
2112.0,0.010004310864679535,0.009957247892342749
2108.0,0.009929106940955952,0.009772449744685479
2104.0,0.010018728664410483,0.009848217262416518
2100.0,0.010037352813741969,0.009784338425087549
2096.0,0.01001487428548538,0.009819226415357098
2092.0,0.010021492657881733,0.009848725560887358
2088.0,0.01003724036528274,0.0097676229553306
2084.0,0.009975051130810686,0.009803135526318021
2080.0,0.009996936446067691,0.009816758190923121
2076.0,0.010035037460330904,0.009814975536153668
2072.0,0.010060207867075132,0.009839733860166896
2068.0,0.010030501625695683,0.00986181860300071
2064.0,0.010139060255126175,0.009852870355270993
2060.0,0.01000753073686865,0.009825007417971751
2056.0,0.010062783021503987,0.009795175352664108
2052.0,0.01007685737159548,0.009756766388810305
2048.0,0.0100075732361006,0.009777201570896885
2044.0,0.009973996578129933,0.009788294338436879
2040.0,0.009956672322773506,0.00984962212293212
2036.0,0.01002471631913833,0.009798089910828553
2032.0,0.010072936819957868,0.009754956839440073
2028.0,0.010031845148344667,0.009849213851472584
2024.0,0.010027763791428168,0.009778576033041206
2020.0,0.010001039305853566,0.009781308569809528
2016.0,0.010048950252075065,0.009809167219557198
2012.0,0.009915025731381002,0.009845039830580627
2008.0,0.010034374218126299,0.00970164126934302
2004.0,0.010025119895726128,0.009767166609298042
2000.0,0.009956174345697826,0.009832976988329082
1996.0,0.010134468785097033,0.009806967061142043
1992.0,0.009957335511262516,0.009782944823621667
1988.0,0.009973867185034735,0.009800115701476073
1984.0,0.009968756844622806,0.009897486700739507
1980.0,0.010085394933298157,0.009806492598830938
1976.0,0.009986568596448482,0.009865986630891183
1972.0,0.010065521709537307,0.009871040565216089
1968.0,0.010062600198984247,0.009810049146712036
1964.0,0.010047363767466112,0.009855864595343346
1960.0,0.009970176610222805,0.00981233256364127
1956.0,0.010006145298384632,0.009805494729487182
1952.0,0.010121621180600525,0.009780906405414961
1948.0,0.009974662280030912,0.009882163812575593
1944.0,0.009998871572969265,0.00981973726756908
1940.0,0.010033616068922734,0.009813286706832292
1936.0,0.01008347172582411,0.009785789531810874
1932.0,0.010056917761999394,0.009933891334562708
1928.0,0.01008277134376725,0.009881846033688647
1924.0,0.009993657510573632,0.009839441554060855
1920.0,0.010095633891424203,0.009812690441868313
1916.0,0.010078239095149934,0.009772301901449018
1912.0,0.009971471772243822,0.00986476668358965
1908.0,0.0101296279091608,0.009866000547370593
1904.0,0.010168703843626049,0.009782582237308287
1900.0,0.010017126687698222,0.009912521962468505
1896.0,0.010059829554411084,0.009894703793715818
1892.0,0.010128429153846737,0.00980928317702476
1888.0,0.00998602687741753,0.009831102284117326
1884.0,0.009962146490219353,0.009839040684722623
1880.0,0.009998362670433213,0.009869979627040086
1876.0,0.0100364466606822,0.009856225528730209
1872.0,0.010037487765943967,0.009783134724438088
1868.0,0.01009840686486497,0.009940383589871411
1864.0,0.010083115707487047,0.009884110632101753
1860.0,0.010009054161457911,0.009932969532833636
1856.0,0.010101415912084697,0.009934327092651931
1852.0,0.010168459622639629,0.009862865403611316
1848.0,0.010136336664570814,0.009892052378387
1844.0,0.010127787471149638,0.009913500687383349
1840.0,0.01008100889642611,0.00991688067141248
1836.0,0.010130969224053276,0.009871955963229677
1832.0,0.010035288420730008,0.009851013886913618
1828.0,0.01012297295407251,0.009885478106259721
1824.0,0.010082906714828616,0.009845446614729116
1820.0,0.010145681087363414,0.009859556387523075
1816.0,0.010114322749785572,0.009787692810716231
1812.0,0.010038434405776793,0.009895251960722573
1808.0,0.01010125396866235,0.009841612667525606
1804.0,0.01015771107349211,0.009867072015572588
1800.0,0.010042303737847702,0.009894155106520667
1796.0,0.01007279362337812,0.009914427360973428
1792.0,0.010064321905141262,0.009995159034898372
1788.0,0.010029997949898917,0.009912904460153199
1784.0,0.010154888105132927,0.009834024949926419
1780.0,0.010174438754055295,0.009913248435957494
1776.0,0.010150974999884666,0.00987896709057394
1772.0,0.010125205059020209,0.009930784286328093
1768.0,0.010112598430842008,0.009878619611182256
1764.0,0.010129312224989459,0.009879576006516297
1760.0,0.010082928377115146,0.009891552860994423
1756.0,0.010166381169107055,0.009887876977612554
1752.0,0.010176165974520434,0.009830174481545486
1748.0,0.010172740757388455,0.009890177724023267
1744.0,0.010101808145332316,0.009925087890364961
1740.0,0.010134537502042464,0.009988029376940837
1736.0,0.010124609725974397,0.009915581890675198
1732.0,0.010224628741632243,0.009913908884443334
1728.0,0.010146505801092554,0.009963762491849406
1724.0,0.010045758188691299,0.009964034624569715
1720.0,0.010162147512209788,0.010019354049036233
1716.0,0.010238715792672862,0.009970966008136021
1712.0,0.010181261271410055,0.009943089921575153
1708.0,0.010193396232121978,0.010013350251251057
1704.0,0.010153664827803192,0.010025298625442422
1700.0,0.010055751566517631,0.00992746569947465
1696.0,0.010066287190470164,0.00996157107063301
1692.0,0.010097001491282105,0.009872080872099922
1688.0,0.01015547584954104,0.009940374728734208
1684.0,0.010179855724270355,0.00991688110547023
1680.0,0.010201384641910012,0.009952872032322613
1676.0,0.010152468968102978,0.009942020305503249
1672.0,0.010219936090220068,0.009960345341511571
1668.0,0.010160719795560609,0.00996606136225925
1664.0,0.010142120251964022,0.009998471238978455
1660.0,0.010222584249756516,0.009987949044760068
1656.0,0.010136957367405332,0.009950935808217513
1652.0,0.010048922940864133,0.00991721149228298
1648.0,0.010135097177741359,0.010046075703668642
1644.0,0.010195541267765881,0.01005788174570321
1640.0,0.010039583379504948,0.009966998172934349
1636.0,0.010178515388245593,0.010020515560689253
1632.0,0.010182569302370211,0.00991888509847822
1628.0,0.010130674671807888,0.009919846772812014
1624.0,0.010130718880482855,0.009987252946617821
1620.0,0.01018459154600205,0.010077144435612534
1616.0,0.010183255638589982,0.009954070859467104
1612.0,0.01027652982811806,0.009967557009953783
1608.0,0.010235229949699864,0.010092536799185899
1604.0,0.010140429644016982,0.009920410572337817
1600.0,0.010179762151096438,0.010050355942447601
1596.0,0.010260815869202612,0.0100454383128541
1592.0,0.010323469908789322,0.010013784110104444
1588.0,0.010251164690869221,0.010036634170379637
1584.0,0.01025061062420921,0.010161460579393735
1580.0,0.010331427384116873,0.00997727980566262
1576.0,0.010240666426347262,0.010021266988766554
1572.0,0.01022987045303765,0.01002851282033562
1568.0,0.010178328186404914,0.010009526758266427
1564.0,0.010227174375338571,0.009980674531623024
1560.0,0.010365801066769096,0.010131393134400986
1556.0,0.010190068176256412,0.01006693689466033
1552.0,0.010266306967085703,0.009972532827230122
1548.0,0.0102002885224974,0.010030150583847723
1544.0,0.010282526483451553,0.010090850676977662
1540.0,0.010326411598284436,0.010096559659803729
1536.0,0.010276405828175931,0.01001080017224736
1532.0,0.010332418198535543,0.010085411474936488
1528.0,0.010340149143178151,0.010111068899563045
1524.0,0.010335719028630019,0.010126729024596041
1520.0,0.010409679822224316,0.010137120053537117
1516.0,0.010374756521086676,0.0100379476394392
1512.0,0.010334196552550301,0.01023480478083224
1508.0,0.010330978583180024,0.010168276045823033
1504.0,0.010340566216143654,0.010265474388959453
1500.0,0.010426993392800284,0.010338290969923794
1496.0,0.010410288123037629,0.010209916860966848
1492.0,0.010589489411243118,0.010182282303156513
1488.0,0.01057539615023718,0.010316814821248299
1484.0,0.010506902994212584,0.010298234932389119
1480.0,0.010540087587547431,0.010322842776933546
1476.0,0.010684989467941499,0.010336806708004
1472.0,0.010555741895641322,0.01052130091541794
1468.0,0.010682727593782458,0.010469065320771076
1464.0,0.010814671199091528,0.010481811445539734
1460.0,0.010790240667756237,0.010596750066026438
1456.0,0.010888024795005675,0.010635766025730879
1452.0,0.010978025082145255,0.010783565705927447
1448.0,0.011120369781087082,0.010844614540531762
1444.0,0.011194257532738533,0.010910762353893566
1440.0,0.011316039301642192,0.011100104540453756
1436.0,0.011442863336739698,0.01115266547184748
1432.0,0.011540378361995667,0.011344291883328297
1428.0,0.011728705500240797,0.011502762821715133
1424.0,0.011779311638820764,0.011561346751977562
1420.0,0.01189446553271751,0.011694620456720905
1416.0,0.012035376575200958,0.011891700565429215
1412.0,0.012207922365012043,0.012087765873944913
1408.0,0.0124322319336961,0.012210422912699156
1404.0,0.012687168607981301,0.01238995073055818
1400.0,0.012824368224166969,0.012558002148910183
1396.0,0.012968652566504408,0.012754169030115762
1392.0,0.013129668272131542,0.01295093498138955
1388.0,0.013341604234616288,0.013065384400643587
1384.0,0.01353163468443876,0.013256654951828038
1380.0,0.013704743736710465,0.013460518178515079
1376.0,0.013838471353499237,0.013598609991303585
1372.0,0.014057840901931734,0.01380680493963125
1368.0,0.01429700120733344,0.013988028968423782
1364.0,0.014293517185941986,0.014113116587465292
1360.0,0.014536610439273392,0.014227490571870728
1356.0,0.01457807338266024,0.01435159786815409
1352.0,0.014816857863293679,0.014599112644986437
1348.0,0.014881081676337608,0.014664012314991447
1344.0,0.014911411060678014,0.01465938546038495
1340.0,0.015103956750499836,0.014754891869582709
1336.0,0.015258708502345128,0.014958173705488015
1332.0,0.015227803275793124,0.014993476410419471
1328.0,0.01532069574250998,0.014963762860920573
1324.0,0.015285332828901222,0.015041022333020172
1320.0,0.015193906170835865,0.014921400933099644
1316.0,0.015326463745146261,0.014995966376958944
1312.0,0.015269316029495505,0.015021465854073861
1308.0,0.015194550406171696,0.014869303191934833
1304.0,0.01527456479324377,0.014891466788853823
1300.0,0.015208771292947572,0.014929682588798301
1296.0,0.0151199491604341,0.014899876743809989
1292.0,0.015135374460697609,0.014760466195811374
1288.0,0.014989349913570723,0.014746784913670102
1284.0,0.015002578773638049,0.014751034641277387
1280.0,0.014858491846328125,0.014588307918095324
1276.0,0.014866077022558488,0.014475923496112882
1272.0,0.01471796513278662,0.014474472099099323
1268.0,0.014781728994725709,0.014393466310807713
1264.0,0.014655650840542617,0.014415129170037852
1260.0,0.014652260174008185,0.014297009867841298
1256.0,0.01447966283402164,0.014190264700706579
1252.0,0.014439964777738543,0.014294521726926102
1248.0,0.014451740709988564,0.014096556470559702
1244.0,0.014221613530673735,0.01409524569022891
1240.0,0.014257481743939373,0.014058416438088275
1236.0,0.014317293659596147,0.014019538220100623
1232.0,0.014246207076527814,0.013947138373018527
1228.0,0.01423133734688494,0.013928084594109503
1224.0,0.01412804791216078,0.013857270130909117
1220.0,0.014134071390567805,0.01375279489426994
1216.0,0.014032338025189052,0.013776512102963089
1212.0,0.013963422459167575,0.01374145946496756
1208.0,0.013910009472055567,0.01370596822346737
1204.0,0.013928951838730327,0.01368421115762368
1200.0,0.013889435631036522,0.013607309903885258
1196.0,0.013843853198884941,0.013663978501771812
1192.0,0.013654000495691265,0.013633147674353339
1188.0,0.013684950499692348,0.013399164985283417
1184.0,0.013708714900584559,0.013461105895688876
1180.0,0.013696960641910172,0.013373427887722562
1176.0,0.013597571671572488,0.013223668883435544
1172.0,0.013523116782553466,0.01331612920480214
1168.0,0.01338851673502718,0.013202921613097635
1164.0,0.013538568674910288,0.013149957118673323
1160.0,0.01331267515766283,0.013067797209586583
1156.0,0.013378988670902241,0.01308327273700467
1152.0,0.013297012638590905,0.013016563680423514
1148.0,0.01315417262056953,0.012891506412988148
1144.0,0.01303098881252734,0.012833082340903508
1140.0,0.012983358547702646,0.012711591400531868
1136.0,0.012834575676868087,0.012641391182050519
1132.0,0.012819480981832108,0.012513227454698236
1128.0,0.012719942829602982,0.012467126457870863
1124.0,0.01265928136661292,0.012344345769440334
1120.0,0.012593031827997774,0.012313251097837954
1116.0,0.012545314194853439,0.012250865385313893
1112.0,0.012353138382388214,0.012140655228604812
1108.0,0.012339693253349061,0.012100979810851332
1104.0,0.01216434563363597,0.012094362794171167
1100.0,0.012077365950759191,0.011774324254810885
1096.0,0.012011413979762102,0.011802154666463617
1092.0,0.011915767714897944,0.011697134650701695
1088.0,0.01193899387383669,0.01162934627072021
1084.0,0.0118640305149398,0.01151360233381866
1080.0,0.011812321012104022,0.01151635807829106
1076.0,0.011681370962983034,0.011436069624375203
1072.0,0.011633492512222286,0.011355739429280238
1068.0,0.01153127952880471,0.011316280729878244
1064.0,0.011446424381120297,0.011244255806523598
1060.0,0.011473465731553572,0.011104946431145058
1056.0,0.01141504773153552,0.011227466942777346
1052.0,0.011300141928975407,0.011113209107134002
1048.0,0.011341927847755185,0.011038926132573046
1044.0,0.011185985132905458,0.01106293067412646
1040.0,0.011227692966944957,0.01097878811417975
1036.0,0.011171764402640129,0.010870514616928052
1032.0,0.011146411475667101,0.010993762899206512
1028.0,0.011091137433449923,0.01083856865740384
1024.0,0.011168083548464153,0.010887129312606967
1020.0,0.011126485706953482,0.010882232342742538
1016.0,0.011137532809330724,0.010924277974885566
1012.0,0.011067364740959729,0.010899126109581013
1008.0,0.01098057937636311,0.010832859821617824
1004.0,0.011013198233889866,0.010773335764946766
1000.0,0.010961124385602023,0.01077949141238193
996.0,0.011033342162998182,0.010845167441516191
992.0,0.011062858182528603,0.010872186895814508
988.0,0.011012138962132993,0.010803597186085255
984.0,0.010960488927869516,0.010739050448195607
980.0,0.010967981704077416,0.01081887370387997
976.0,0.010993845841735794,0.010745874871069998
972.0,0.010909518903589927,0.010742493571119869
968.0,0.010988420885947458,0.010748108530358777
964.0,0.010990869200433767,0.010791567869615944
960.0,0.010954450659449565,0.010776577290708241
956.0,0.010962216351955342,0.010813879823980212
952.0,0.010993680562204709,0.010831088227962889
948.0,0.010946693123927816,0.010794497694369982
944.0,0.010949692585323868,0.01065526823526782
940.0,0.01103325675221493,0.010690523168190464
936.0,0.011009354155601031,0.01078713132316807
932.0,0.011086386618832546,0.010780148995224453
928.0,0.010957622802173949,0.010895821072890203
924.0,0.010922806377121168,0.010791086873157536
920.0,0.011063859442390264,0.01078993159157643
916.0,0.011069898142404068,0.010849921507959685
912.0,0.010990531771960795,0.010861289790711631
908.0,0.010959605663745323,0.010801793036767132
904.0,0.011036384769170716,0.010842854517664756
900.0,0.010956966086016238,0.010768266794689639
896.0,0.011033386681104351,0.010783640626413266
892.0,0.010947356523004352,0.010898397747601988
888.0,0.011050654602780357,0.01077241407263639
884.0,0.010962707069462896,0.010894984722639264
880.0,0.011063119963368461,0.010888925123756336
876.0,0.011157132445045936,0.01089973650634528
872.0,0.011074268574858687,0.010913158844898943
868.0,0.011132508067724574,0.01090202436683292
864.0,0.011068377062163896,0.010773113340111776
860.0,0.011062329748423897,0.01083635984667756
856.0,0.011038558083761835,0.010862940180268085
852.0,0.011172017986751022,0.010945205536479478
848.0,0.011123674380451426,0.01084956263576964
844.0,0.011214288471619836,0.01087722435499703
840.0,0.011080857665443821,0.01090087101705802
836.0,0.011135295559413857,0.010991400763535396
832.0,0.011157085597442282,0.010860118093725125
828.0,0.011230434530914065,0.010871088949205777
824.0,0.011257645250198666,0.010976780606841426
820.0,0.011140863708993592,0.010845805115169868
816.0,0.011123395839834018,0.010975360731341722
812.0,0.01110005582065016,0.010942761086561436
808.0,0.011260543388029013,0.01089333751421437
804.0,0.011196187465381029,0.010957913863584117
800.0,0.011175013877469208,0.010935583120325656
796.0,0.011211736695752539,0.011000861759883657
792.0,0.011093304533413983,0.011017466061678633
788.0,0.011141879743515486,0.011080545246144843
784.0,0.011281883034669357,0.011012299800118974
780.0,0.011261896090279921,0.01102482824845667
776.0,0.011256619939719614,0.010997816106172212
772.0,0.011206073037395334,0.011032400479243473
768.0,0.011292585933108938,0.0110929824302459
764.0,0.011359195096600225,0.01095115604822447
760.0,0.011216137398075093,0.011087357237501936
756.0,0.011285213445612341,0.011034620323147918
752.0,0.011269853006902822,0.011072071460945403
748.0,0.011316803164906209,0.01109164636270495
744.0,0.011306631472706436,0.01112496038725148
740.0,0.011305771669846285,0.01110140677627516
736.0,0.011276231603576515,0.011076936415225473
732.0,0.011326782576807644,0.011119241319971327
728.0,0.01130410651251887,0.011111364306253185
724.0,0.01133478023264285,0.011107679067913618
720.0,0.011346223122254927,0.011135314219007082
716.0,0.011389432093738844,0.011175907995766655
712.0,0.011334939713927702,0.01114633707115875
708.0,0.011355242588443379,0.011154404789342232
704.0,0.011432389716602296,0.011089486024007549
700.0,0.011375272538989048,0.011154760558982192
696.0,0.011380507969034566,0.011075479180733611
692.0,0.011444256722509542,0.011211668883095598
688.0,0.011422126313071636,0.011136013318218112
684.0,0.01142053867717886,0.011255072093637084
680.0,0.011434482615772023,0.011347321240913638
676.0,0.011369037875043897,0.011185145150861317
672.0,0.01146163487485032,0.01127888170691717
668.0,0.011512470146022495,0.011239984590428711
664.0,0.011482851378312238,0.011199379080271441
660.0,0.011383641764625817,0.011192606040527648
656.0,0.011483328447254826,0.01127023120823038
652.0,0.011431563754272822,0.011319357092433306
648.0,0.011473187339857178,0.011274802507899886
644.0,0.011498723881163636,0.011189042923046955
640.0,0.011440370696154936,0.01122006480003736
636.0,0.011574541074525884,0.011268338371529192
632.0,0.011512086052904562,0.011355174066971731
628.0,0.01156294254174302,0.011309084543882872
624.0,0.01156286905467704,0.01131889425851312
620.0,0.011606155487898017,0.011370693088719158
616.0,0.011606388418722047,0.011307594227251498
612.0,0.011480974089256765,0.011321043656459386
608.0,0.011564724495769367,0.011324100966034941
604.0,0.011463735279726094,0.011252010415218594
600.0,0.011556058064499667,0.011371975916544123
596.0,0.011622079158997305,0.01137693680392964
592.0,0.01164000372152978,0.011412939231622773
588.0,0.01166673080408415,0.011312513556340522
584.0,0.011591420994061127,0.011338976517365812
580.0,0.011634298204056166,0.011434323475340147
576.0,0.011631193558084993,0.011411602760034022
572.0,0.011697723846761763,0.011472070000572564
568.0,0.011721853888423329,0.011368055499229502
564.0,0.011632581359757437,0.011429155014445858
560.0,0.011847828661943604,0.011393242104791985
556.0,0.011666553518846613,0.011450476110974217
552.0,0.011656539528952585,0.011418702031861499
548.0,0.011713024100602805,0.01147773781208825
544.0,0.011729159619252898,0.011513012187491928
540.0,0.0117267683670591,0.011500731425736394
536.0,0.011675211230052857,0.011384597505828428
532.0,0.011789612270798095,0.011530093959692933
528.0,0.011726960328997211,0.011513532861149828
524.0,0.01180945931080324,0.0114471060516818
520.0,0.01181055031529793,0.011463089470526794
516.0,0.011685585633595036,0.011515933163376315
512.0,0.011708638664641112,0.011552353703751718
508.0,0.011715988343109478,0.011509320954648891
504.0,0.011786919310128333,0.011458928539957064
500.0,0.011785556323408991,0.011562350558788594
496.0,0.011804734317532255,0.011564998876342616
492.0,0.011759144706444439,0.011686821283759946
488.0,0.011829582059653796,0.011508612229331798
484.0,0.011886944119377303,0.011707522638939408
480.0,0.011758493103773885,0.01167688450008171
476.0,0.0118239867810275,0.011613139153192628
472.0,0.011854750287725162,0.011689285205822143
468.0,0.011844390680947526,0.011619536365206294
464.0,0.011849599800601561,0.011671991909574807
460.0,0.011956502088116152,0.011594822819541994
456.0,0.011940844733263931,0.011643926428174276
452.0,0.01192778332741322,0.011597661543460105
448.0,0.011855895577385983,0.011578086896525442
444.0,0.01201469761994921,0.011651765910792334
440.0,0.011929393898568218,0.011640912097703534
436.0,0.011891151202857967,0.01171102461512981
432.0,0.01191190212358088,0.011754470763311615
428.0,0.011913045297437176,0.011691038844751093
424.0,0.01205234905442029,0.011711028390052171
420.0,0.01196536181791964,0.011726082390347448
416.0,0.01196706845328294,0.011641412009429454
412.0,0.01186509161425631,0.011747407830918882
408.0,0.012018452241008925,0.011743184019520072
404.0,0.011937546189800061,0.011748982421123504
400.0,0.01194285216831268,0.011704981251599302
